Set,Accuracy,Precision,Recall,F1,Kappa,AUC,True Negative,False Positive,False Negative,True Positive
Training,0.6777287387540316,0.6428620125443142,0.8001272804412388,0.712924810040449,0.3554172745316503,0.7539882375539939,13081,10477,4711,18859
Validation,0.6630365558527576,0.6320725548799341,0.7808759867583397,0.6986387195990204,0.3260123591969807,0.7337031884387523,4278,3570,1721,6133
Test,0.6642028800815598,0.6327579120427456,0.7840590781767253,0.7003298078016604,0.32826181332594695,0.7345917669015658,4266,3574,1696,6158
