Set,Accuracy,Precision,Recall,F1,Kappa,AUC,True Negative,False Positive,False Negative,True Positive
Training,0.8165204678362573,0.8245877061469266,0.804093567251462,0.8142116950407106,0.6330409356725146,0.8955474547724086,1134,234,268,1100
Validation,0.631578947368421,0.6388888888888888,0.6052631578947368,0.6216216216216216,0.26315789473684215,0.6912655817174516,300,156,180,276
Test,0.6230769230769231,0.6304849884526559,0.5986842105263158,0.6141732283464567,0.24623394688162592,0.6713279619754231,294,160,183,273
