Set,Accuracy,Precision,Recall,F1,Kappa,AUC,True Negative,False Positive,False Negative,True Positive
Training,0.8353226785353024,0.8231968810916179,0.8541666666666666,0.8383958705578717,0.6706428363338168,0.9152936809711095,4035,907,721,4223
Validation,0.6644397206194959,0.652247191011236,0.7049180327868853,0.6775605485847681,0.3288629163315221,0.7288051252654962,1027,619,486,1161
Test,0.6677801396902521,0.6559503666102651,0.7061323618700668,0.6801169590643275,0.33554477684340145,0.7390937239253077,1036,610,484,1163
