Set,Accuracy,Precision,Recall,F1,Kappa,AUC,True Negative,False Positive,False Negative,True Positive
Training,0.6482632541133455,0.6907894736842105,0.5372807017543859,0.6044407894736842,0.29658358856341105,0.7083793212609677,3114,987,1899,2205
Validation,0.5998536942209217,0.6359126984126984,0.4685672514619883,0.5395622895622895,0.19986110576079374,0.6366027929756064,999,367,727,641
Test,0.5819312362838333,0.6104023552502453,0.4546783625730994,0.5211562630917469,0.1640181548037839,0.6203453974125162,969,397,746,622
