Set,Accuracy,Precision,Recall,F1,Kappa,AUC,True Negative,False Positive,False Negative,True Positive
Training,0.9250730994152047,0.9633466135458167,0.8837719298245614,0.9218452154022113,0.8501461988304093,0.986015996374953,1322,46,159,1209
Validation,0.5657894736842105,0.5867052023121387,0.4451754385964912,0.5062344139650873,0.13157894736842102,0.6462228762696214,313,143,253,203
Test,0.5989010989010989,0.6281690140845071,0.48903508771929827,0.5499383477188656,0.19818949909474948,0.6759554447793492,322,132,233,223
