Set,Accuracy,Precision,Recall,F1,Kappa,AUC,True Negative,False Positive,False Negative,True Positive
Training,0.8433881779402803,0.8326646211942412,0.8596491228070176,0.8459417336050833,0.6867726011730804,0.9231984972048372,3392,709,576,3528
Validation,0.6250914411119239,0.6213729653220099,0.6418128654970761,0.6314275440489033,0.25016442413023776,0.6718323229988098,831,535,490,878
Test,0.6009509875640088,0.5970567624386826,0.6228070175438597,0.609660107334526,0.20187634891677264,0.6464658626801264,791,575,516,852
