Set,Accuracy,Precision,Recall,F1,Kappa,AUC,True Negative,False Positive,False Negative,True Positive
Training,0.68723447299211,0.6739947388199925,0.7255258899676376,0.6988116111435808,0.37445924281510934,0.7541413650776189,3207,1735,1357,3587
Validation,0.619192225933799,0.6112054329371817,0.6557377049180327,0.6326889279437611,0.2383675249049947,0.6683068593362799,959,687,567,1080
Test,0.6185848770118433,0.6117781589479703,0.6496660595021251,0.6301531213191991,0.2371553326538569,0.6682340069687439,967,679,577,1070
