Set,Accuracy,Precision,Recall,F1,Kappa,AUC,True Negative,False Positive,False Negative,True Positive
Training,0.6592403214024836,0.6087605774016924,0.8927007299270073,0.7238828055637763,0.31824783389137346,0.7398354462799335,582,786,147,1223
Validation,0.6118421052631579,0.5770392749244713,0.8377192982456141,0.6833631484794276,0.22368421052631582,0.6747556940597107,176,280,74,382
Test,0.6615384615384615,0.6128048780487805,0.881578947368421,0.723021582733813,0.32241906161760714,0.7202063528866218,200,254,54,402
