Set,Accuracy,Precision,Recall,F1,Kappa,AUC,True Negative,False Positive,False Negative,True Positive
Training,0.6681286549707602,0.6166328600405679,0.8888888888888888,0.7281437125748502,0.3362573099415205,0.7349959175472796,612,756,152,1216
Validation,0.631578947368421,0.5928792569659442,0.8399122807017544,0.6950998185117967,0.26315789473684215,0.6893178670360111,193,263,73,383
Test,0.6538461538461539,0.6056971514242878,0.8859649122807017,0.7195013357079252,0.30698263648803503,0.7122604142514879,191,263,52,404
