Set,Accuracy,Precision,Recall,F1,Kappa,AUC,True Negative,False Positive,False Negative,True Positive
Training,0.5928110677304362,0.5877403846153846,0.6224013576580398,0.6045744900061817,0.18560985057425639,0.6374776758563334,13268,10290,8900,14670
Validation,0.592281238058846,0.5871130309575234,0.6229946524064172,0.6045218680504078,0.1845433062404067,0.6354873533603971,4407,3441,2961,4893
Test,0.5966611443863897,0.5916526341111379,0.626305067481538,0.6084858980702622,0.19327946048326405,0.6381586888001954,4445,3395,2935,4919
