Set,Accuracy,Precision,Recall,F1,Kappa,AUC,True Negative,False Positive,False Negative,True Positive
Training,0.6461988304093568,0.6333333333333333,0.6944444444444444,0.6624825662482566,0.29239766081871343,0.6978373153277931,818,550,418,950
Validation,0.6557017543859649,0.6448979591836734,0.6929824561403509,0.6680761099365752,0.3114035087719298,0.7092326485072329,282,174,140,316
Test,0.6395604395604395,0.620754716981132,0.7214912280701754,0.6673427991886409,0.2788596279294516,0.6803269186181312,253,201,127,329
