Set,Accuracy,Precision,Recall,F1,Kappa,AUC,True Negative,False Positive,False Negative,True Positive
Training,0.5631931748933577,0.6292246520874751,0.3084795321637427,0.41399607586657944,0.12654908545637356,0.6114234012243485,3355,746,2838,1266
Validation,0.5413313825896123,0.5925324675324676,0.266812865497076,0.3679435483870968,0.08303128209517274,0.5831468388516434,1115,251,1003,365
Test,0.5365764447695685,0.5773353751914242,0.27558479532163743,0.37308263236021777,0.0735068896326796,0.5654857846788763,1090,276,991,377
