Set,Accuracy,Precision,Recall,F1,Kappa,AUC,True Negative,False Positive,False Negative,True Positive
Training,0.5965001011531459,0.5987999172356714,0.5853559870550162,0.592001636493812,0.19300383545299693,0.6328939770921983,3003,1939,2050,2894
Validation,0.5839659884603705,0.5860783095090119,0.5725561627200971,0.5792383292383293,0.16793773176573357,0.6253173227806217,980,666,704,943
Test,0.5888247798360158,0.587882423515297,0.5950212507589556,0.5914302957151478,0.17764645039823646,0.6237014757123118,959,687,667,980
