Set,Accuracy,Precision,Recall,F1,Kappa,AUC,True Negative,False Positive,False Negative,True Positive
Training,0.6388888888888888,0.6129607609988109,0.7536549707602339,0.6760655737704918,0.2777777777777778,0.696187769313635,717,651,337,1031
Validation,0.5855263157894737,0.5706521739130435,0.6907894736842105,0.625,0.17105263157894735,0.6156461603570329,219,237,141,315
Test,0.5879120879120879,0.5740402193784278,0.6885964912280702,0.6261216350947159,0.17545775685850007,0.6397519128217019,221,233,142,314
