Set,Accuracy,Precision,Recall,F1,Kappa,AUC,True Negative,False Positive,False Negative,True Positive
Training,0.5853747714808044,0.5674222051479063,0.719785575048733,0.6345864661654136,0.17066797964994762,0.630588454154433,1849,2252,1150,2954
Validation,0.5790051207022677,0.5614730878186969,0.7244152046783626,0.6326204915416535,0.15783087324190925,0.6231339849134794,592,774,377,991
Test,0.5826627651792246,0.563943661971831,0.7317251461988304,0.6369710467706013,0.1651432520054532,0.6162842593306106,592,774,367,1001
