Set,Accuracy,Precision,Recall,F1,Kappa,AUC,True Negative,False Positive,False Negative,True Positive
Training,0.5004046125834514,0.5002537298284786,0.9969660194174758,0.6662161248901803,0.0006083917535285588,0.6113837791848222,18,4924,15,4929
Validation,0.5010628606134224,0.5006090133982948,0.9981785063752276,0.6668018657473128,0.00182425764539762,0.6035914557267863,6,1640,3,1644
Test,0.5013665350744002,0.5007619628162145,0.9975713418336369,0.666801948051948,0.0024323421809534507,0.6051047561714255,8,1638,4,1643
