Set,Accuracy,Precision,Recall,F1,Kappa,AUC,True Negative,False Positive,False Negative,True Positive
Training,0.6216216216216216,0.5757713248638838,0.9262773722627737,0.710128707330722,0.24290593308372377,0.7197885986255176,433,935,101,1269
Validation,0.6008771929824561,0.5638888888888889,0.8903508771929824,0.6904761904761905,0.20175438596491224,0.6553554939981532,142,314,50,406
Test,0.6230769230769231,0.5783633841886269,0.9144736842105263,0.7085811384876805,0.24518400650032157,0.7017978591854085,150,304,39,417
