Set,Accuracy,Precision,Recall,F1,Kappa,AUC,True Negative,False Positive,False Negative,True Positive
Training,0.5508040935672515,0.5376693766937669,0.7251461988304093,0.6174914410208528,0.10160818713450293,0.5753741535857186,515,853,376,992
Validation,0.5230263157894737,0.5165354330708661,0.7192982456140351,0.6012832263978003,0.046052631578947345,0.5111813250230841,149,307,128,328
Test,0.5461538461538461,0.5349593495934959,0.7214912280701754,0.6143790849673203,0.09160563652623688,0.552076087796584,168,286,127,329
