Set,Accuracy,Precision,Recall,F1,Kappa,AUC,True Negative,False Positive,False Negative,True Positive
Training,0.9516936921640207,0.9252727544462711,0.9889776357827476,0.9560651687128408,0.9025531216444369,0.9925876343818363,10038,1000,138,12382
Validation,0.9370540265035678,0.9106744082179544,0.9774688398849473,0.9428901734104046,0.8729746250159891,0.9866328009831856,3276,400,94,4078
Test,0.9359693877551021,0.9086045474810521,0.9779270633397313,0.9419921423619135,0.8707581857177235,0.9870472167860533,3262,410,92,4076
