Set,Accuracy,Precision,Recall,F1,Kappa,AUC,True Negative,False Positive,False Negative,True Positive
Training,0.7112573099415205,0.6695804195804196,0.9782886334610472,0.795018162947587,0.36024209359815873,0.894914366178734,207,378,17,766
Validation,0.7039473684210527,0.6675531914893617,0.9616858237547893,0.7880690737833594,0.3464968152866241,0.8544257785637096,70,125,10,251
Test,0.7070484581497798,0.6657963446475196,0.9807692307692307,0.7931570762052877,0.34906535003557493,0.8629460745440127,66,128,5,255
