Set,Accuracy,Precision,Recall,F1,Kappa,AUC,True Negative,False Positive,False Negative,True Positive
Training,0.8383321141185077,0.9556277056277056,0.7524499360886238,0.8419547079856973,0.6812164775922852,0.9512628994825388,1672,82,581,1766
Validation,0.8147877013177159,0.9386401326699834,0.7237851662404092,0.8173285198555956,0.6357594396396358,0.932356444662439,547,37,216,566
Test,0.8155197657393851,0.9358552631578947,0.7276214833759591,0.818705035971223,0.6368201825647691,0.9326805171145289,545,39,213,569
