Set,Accuracy,Precision,Recall,F1,Kappa,AUC,True Negative,False Positive,False Negative,True Positive
Training,0.9091460946985026,0.8820450885668277,0.9335321687260333,0.90705858000414,0.8183401493224753,0.9687429449147151,2302,293,156,2191
Validation,0.8973268529769137,0.863582443653618,0.9309462915601023,0.896,0.7949020053115171,0.9649965662593539,749,115,54,728
Test,0.8869987849331713,0.869727047146402,0.8964194373401535,0.8828715365239295,0.7737647643031959,0.95248487378043,759,105,81,701
