Set,Accuracy,Precision,Recall,F1,Kappa,AUC,True Negative,False Positive,False Negative,True Positive
Training,0.8961988304093568,0.9082802547770701,0.9106002554278416,0.9094387755102041,0.7878638963693905,0.9559288731702524,513,72,70,713
Validation,0.8947368421052632,0.898876404494382,0.9195402298850575,0.9090909090909091,0.7841292384164744,0.9483249828077415,168,27,21,240
Test,0.8810572687224669,0.8931297709923665,0.9,0.8965517241379312,0.756660181839838,0.9363996827914353,166,28,26,234
