Set,Accuracy,Precision,Recall,F1,Kappa,AUC,True Negative,False Positive,False Negative,True Positive
Training,0.883930748597903,0.8899541475614839,0.9096719216020451,0.8997050147492626,0.7620127669327663,0.9495663694500222,1490,264,212,2135
Validation,0.8777452415812591,0.8810408921933085,0.9092071611253197,0.89490245437382,0.7488821323916313,0.9414260939634937,488,96,71,711
Test,0.8660322108345534,0.8711276332094176,0.8989769820971867,0.8848332284455632,0.7248229354950211,0.9386254948673931,480,104,79,703
