Set,Accuracy,Precision,Recall,F1,Kappa,AUC,True Negative,False Positive,False Negative,True Positive
Training,0.9140024281667342,0.9360254083484574,0.8789944610140605,0.9066139310041749,0.8270671541133128,0.9698668328280354,2454,141,284,2063
Validation,0.916767922235723,0.923784494086728,0.8989769820971867,0.9112119248217757,0.8329087549108088,0.9668229610684853,806,58,79,703
Test,0.8948967193195626,0.9246861924686193,0.8478260869565217,0.8845897264843229,0.7884359634641589,0.9553791323292602,810,54,119,663
