Set,Accuracy,Precision,Recall,F1,Kappa,AUC,True Negative,False Positive,False Negative,True Positive
Training,0.8779239766081871,0.8492063492063492,0.9565772669220945,0.8996996996996998,0.7451712645062845,0.9652727292574035,452,133,34,749
Validation,0.8464912280701754,0.8110749185667753,0.9540229885057471,0.8767605633802816,0.676772586426879,0.9594459180666078,137,58,12,249
Test,0.8766519823788547,0.8517241379310345,0.95,0.8981818181818182,0.7429322548028312,0.9518041237113403,151,43,13,247
