Set,Accuracy,Precision,Recall,F1,Kappa,AUC,True Negative,False Positive,False Negative,True Positive
Training,0.7156432748538012,0.671304347826087,0.9859514687100894,0.7987584066218314,0.36907251696615306,0.9181844974948423,207,378,11,772
Validation,0.6973684210526315,0.6556962025316456,0.9923371647509579,0.7896341463414634,0.32296171970821763,0.9206994793201689,59,136,2,259
Test,0.6916299559471366,0.6515151515151515,0.9923076923076923,0.7865853658536586,0.3084087743732591,0.8854084060269628,56,138,2,258
