Set,Accuracy,Precision,Recall,F1,Kappa,AUC,True Negative,False Positive,False Negative,True Positive
Training,0.8597436767951112,0.8910717579782328,0.8197708952057701,0.8539355637070757,0.7194930520133564,0.9382432783179891,21196,2362,4248,19322
Validation,0.792574194370144,0.8224154860429232,0.7464985994397759,0.7826203030100782,0.5851629663398986,0.8755495618690436,6582,1266,1991,5863
Test,0.7909392124378744,0.8228151913031202,0.7420422714540361,0.7803441119368012,0.5819147367740218,0.8740741020434147,6585,1255,2026,5828
