Set,Accuracy,Precision,Recall,F1,Kappa,AUC,True Negative,False Positive,False Negative,True Positive
Training,0.6008771929824561,0.5594315245478036,0.9495614035087719,0.7040650406504064,0.20175438596491224,0.7243048608973701,345,1023,69,1299
Validation,0.6260964912280702,0.5749674054758801,0.9671052631578947,0.7211774325429273,0.2521929824561403,0.7224771083410282,130,326,15,441
Test,0.6065934065934065,0.5628205128205128,0.9627192982456141,0.7103559870550162,0.21194968553459126,0.6990059123579875,113,341,17,439
