Set,Accuracy,Precision,Recall,F1,Kappa,AUC,True Negative,False Positive,False Negative,True Positive
Training,0.6226987659316204,0.6318991742720557,0.5881877022653722,0.6092604232139117,0.24540806324408315,0.6735499308155837,3248,1694,2036,2908
Validation,0.6073489219556635,0.6161417322834646,0.5701275045537341,0.5922421948912017,0.21471558619834907,0.6626898495810711,1061,585,708,939
Test,0.5997570604312177,0.605516356638871,0.573163327261688,0.5888958203368683,0.19952703904012015,0.6592549065608444,1031,615,703,944
