Set,Accuracy,Precision,Recall,F1,Kappa,AUC,True Negative,False Positive,False Negative,True Positive
Training,0.6503351614868982,0.6429067345521869,0.6769005847953217,0.6594658753709198,0.3006567042649013,0.709162036977621,2558,1543,1326,2778
Validation,0.6031455742501829,0.5995777621393384,0.6228070175438597,0.6109716744352814,0.20626821182306876,0.6565127511922804,797,569,516,852
Test,0.6020482809070958,0.5994318181818182,0.6169590643274854,0.6080691642651298,0.2040790988993112,0.6509615302286953,802,564,524,844
