Set,Accuracy,Precision,Recall,F1,Kappa,AUC,True Negative,False Positive,False Negative,True Positive
Training,0.6853070175438597,0.6416992733370598,0.8391812865497076,0.7272727272727273,0.3706140350877193,0.7581018518518519,727,641,220,1148
Validation,0.6282894736842105,0.6,0.7697368421052632,0.6743515850144092,0.256578947368421,0.6887503847337643,222,234,105,351
Test,0.6527472527472528,0.6186440677966102,0.8004385964912281,0.6978967495219885,0.3050413263086664,0.7201725403817915,229,225,91,365
