Set,Accuracy,Precision,Recall,F1,Kappa,AUC,True Negative,False Positive,False Negative,True Positive
Training,0.6443631931748933,0.6641749723145072,0.5845516569200779,0.62182477967859,0.28875747850336897,0.705073983524201,2888,1213,1705,2399
Validation,0.6243599122165325,0.640560593569662,0.5679824561403509,0.6020922123208059,0.24878173286894623,0.6720062418124374,930,436,591,777
Test,0.6170446232626189,0.6323165704863973,0.560672514619883,0.5943432777993026,0.2341523605781759,0.6540530040327759,920,446,601,767
