Set,Accuracy,Precision,Recall,F1,Kappa,AUC,True Negative,False Positive,False Negative,True Positive
Training,0.6229010722233461,0.6646803900325027,0.4963592233009709,0.5683186660490969,0.2458407579447094,0.6876161327384718,3704,1238,2490,2454
Validation,0.6116003644093532,0.6495934959349593,0.4851244687310261,0.5554396941258255,0.2232603962015669,0.6683310205012095,1215,431,848,799
Test,0.6012754327361068,0.6338141025641025,0.4802671523982999,0.5464594127806562,0.20260947199198576,0.6677887775630938,1189,457,856,791
