Set,Accuracy,Precision,Recall,F1,Kappa,AUC,True Negative,False Positive,False Negative,True Positive
Training,0.6796932067202337,0.6995951417004048,0.6306569343065693,0.6633397312859884,0.3594322131788219,0.7584229734921245,997,371,506,864
Validation,0.6118421052631579,0.6378378378378379,0.5175438596491229,0.5714285714285714,0.22368421052631582,0.6786415050784856,322,134,220,236
Test,0.6450549450549451,0.6692111959287532,0.5767543859649122,0.6195524146054181,0.2903224248745695,0.7138399412628488,324,130,193,263
