Set,Accuracy,Precision,Recall,F1,Kappa,AUC,True Negative,False Positive,False Negative,True Positive
Training,0.6648391812865497,0.6440894568690095,0.7368421052631579,0.6873508353221957,0.32967836257309946,0.7228634451626141,811,557,360,1008
Validation,0.6392543859649122,0.6288032454361054,0.6798245614035088,0.6533192834562697,0.2785087719298246,0.6872354955370884,273,183,146,310
Test,0.6527472527472528,0.6330798479087453,0.7302631578947368,0.6782077393075356,0.30525624051721634,0.7068359224051317,261,193,123,333
