Set,Accuracy,Precision,Recall,F1,Kappa,AUC,True Negative,False Positive,False Negative,True Positive
Training,0.9999575515748366,1.0,0.9999201277955272,0.9999600623028077,0.9999147662935403,1.0,11038,0,1,12519
Validation,0.9872579001019368,0.9843006660323501,0.9918504314477469,0.9880611270296084,0.9744003523931104,0.997759299000435,3610,66,34,4138
Test,0.9854591836734694,0.9844646271510517,0.9882437619961613,0.9863505747126436,0.9707939283159819,0.99745369063599,3607,65,49,4119
