Set,Accuracy,Precision,Recall,F1,Kappa,AUC,True Negative,False Positive,False Negative,True Positive
Training,0.9137426900584795,0.9323797139141743,0.9157088122605364,0.9239690721649484,0.824325647906913,0.9655216076672014,533,52,66,717
Validation,0.8179824561403509,0.856,0.8199233716475096,0.837573385518591,0.6308088493503453,0.9006582178995972,159,36,47,214
Test,0.8546255506607929,0.8514492753623188,0.9038461538461539,0.8768656716417912,0.6998317037986856,0.9204797779540048,153,41,25,235
