Set,Accuracy,Precision,Recall,F1,Kappa,AUC,True Negative,False Positive,False Negative,True Positive
Training,0.9480614484272128,0.9683933274802459,0.93992330634853,0.9539459459459461,0.8944292210732817,0.9876530314300165,1682,72,141,2206
Validation,0.8945827232796486,0.936986301369863,0.8746803069053708,0.9047619047619047,0.7870412873834002,0.9672599236240058,538,46,98,684
Test,0.8894582723279648,0.9246298788694481,0.8785166240409207,0.9009836065573771,0.7760650875368311,0.9627623235118944,528,56,95,687
