Set,Accuracy,Precision,Recall,F1,Kappa,AUC,True Negative,False Positive,False Negative,True Positive
Training,0.9821934439498179,0.9796178343949045,0.9829569663400085,0.9812845597618034,0.9643027932397783,0.9980306922377847,2547,48,40,2307
Validation,0.9404617253948967,0.9384615384615385,0.9360613810741688,0.9372599231754161,0.880612701053635,0.9832856753812637,816,48,50,732
Test,0.9319562575941677,0.9339378238341969,0.921994884910486,0.927927927927928,0.8634910949916919,0.9813364355403998,813,51,61,721
