Set,Accuracy,Precision,Recall,F1,Kappa,AUC,True Negative,False Positive,False Negative,True Positive
Training,0.9444444444444444,0.9561290322580646,0.946360153256705,0.951219512195122,0.8867073338171547,0.985532305072535,551,34,42,741
Validation,0.9166666666666666,0.9477911646586346,0.9042145593869731,0.9254901960784314,0.8310814762823887,0.9652421652421652,182,13,25,236
Test,0.9074889867841409,0.9291338582677166,0.9076923076923077,0.9182879377431907,0.8117224218965994,0.9633425852498019,176,18,24,236
