Set,Accuracy,Precision,Recall,F1,Kappa,AUC,True Negative,False Positive,False Negative,True Positive
Training,0.9743964886613021,0.9694304857621441,0.9863655730720068,0.9778247096092926,0.9475445315078165,0.9968129332722478,1681,73,32,2315
Validation,0.9377745241581259,0.9318463444857497,0.9616368286445013,0.946507237256136,0.8721855164867585,0.9835314262691378,529,55,30,752
Test,0.9341142020497804,0.9303482587064676,0.9565217391304348,0.9432534678436318,0.8647554509251721,0.9776740356654872,528,56,34,748
