Set,Accuracy,Precision,Recall,F1,Kappa,AUC,True Negative,False Positive,False Negative,True Positive
Training,0.9836098745447187,0.975251677852349,0.9906263314870047,0.9828788839568802,0.9671617293565782,0.9983812401844522,2536,59,22,2325
Validation,0.9520048602673147,0.9366459627329192,0.9641943734015346,0.9502205419029616,0.9039050179502831,0.99184486596571,813,51,28,754
Test,0.9441069258809235,0.9323308270676691,0.9514066496163683,0.9417721518987341,0.8880444297239112,0.9896691768494837,810,54,38,744
