Set,Accuracy,Precision,Recall,F1,Kappa,AUC,True Negative,False Positive,False Negative,True Positive
Training,0.9334795321637427,0.9346733668341709,0.9501915708812261,0.9423685877137429,0.8637295081967213,0.9769962122452545,533,52,39,744
Validation,0.9035087719298246,0.909433962264151,0.9233716475095786,0.9163498098859315,0.8023757461142959,0.963552411828274,171,24,20,241
Test,0.8876651982378855,0.8884758364312267,0.9192307692307692,0.9035916824196597,0.7691203158965358,0.9557890563045202,164,30,21,239
