Set,Accuracy,Precision,Recall,F1,Kappa,AUC,True Negative,False Positive,False Negative,True Positive
Training,0.9195906432748538,0.9078787878787878,0.9565772669220945,0.931592039800995,0.8342355203933932,0.9761709838338192,509,76,34,749
Validation,0.9035087719298246,0.9003690036900369,0.9348659003831418,0.9172932330827067,0.8016018985464254,0.9634148737597014,168,27,17,244
Test,0.8722466960352423,0.8581560283687943,0.9307692307692308,0.8929889298892989,0.735165144627268,0.9419310071371927,154,40,18,242
