Set,Accuracy,Precision,Recall,F1,Kappa,AUC,True Negative,False Positive,False Negative,True Positive
Training,0.5735019521303684,0.572985024398452,0.5778956300381841,0.5754298508723755,0.14700198707328993,0.6081321403446871,13407,10151,9949,13621
Validation,0.5641319577123933,0.5647601949217748,0.5607333842627961,0.5627395859954,0.12826616412247183,0.6017585249742562,4454,3394,3450,4404
Test,0.5732126927488213,0.5730720606826801,0.5771581359816654,0.5751078406495813,0.1464192721951556,0.6041529761255152,4463,3377,3321,4533
