Set,Accuracy,Precision,Recall,F1,Kappa,AUC,True Negative,False Positive,False Negative,True Positive
Training,0.5858918128654971,0.5535307517084282,0.8881578947368421,0.6820095425203481,0.17178362573099415,0.6482440644129818,388,980,153,1215
Validation,0.5822368421052632,0.5520110957004161,0.8728070175438597,0.6762956669498725,0.16447368421052633,0.6393120960295475,133,323,58,398
Test,0.5846153846153846,0.5517241379310345,0.9122807017543859,0.687603305785124,0.16802917871965795,0.6476205657315094,116,338,40,416
