Set,Accuracy,Precision,Recall,F1,Kappa,AUC,True Negative,False Positive,False Negative,True Positive
Training,0.5413716366579001,0.525073385518591,0.8683252427184466,0.6544207317073171,0.0826218861256579,0.6136070202373421,1059,3883,651,4293
Validation,0.5441846340722746,0.5265454545454545,0.8791742562234366,0.6586308846941096,0.08818369025651274,0.6198821672896927,344,1302,199,1448
Test,0.5441846340722746,0.5264492753623189,0.8822100789313904,0.6594054912638985,0.08818200819028732,0.611396065308182,339,1307,194,1453
