Set,Accuracy,Precision,Recall,F1,Kappa,AUC,True Negative,False Positive,False Negative,True Positive
Training,0.5042047531992687,0.5022222222222222,0.9912280701754386,0.6666666666666666,0.008056103862757347,0.605776214425902,69,4032,36,4068
Validation,0.506949524506218,0.5037064492216456,0.993421052631579,0.6684702410231185,0.013196184127521438,0.5833336009007389,27,1339,9,1359
Test,0.5021945866861741,0.5012958163643095,0.9897660818713451,0.6655197837306465,0.0036779294777906646,0.5954340692507256,19,1347,14,1354
