Set,Accuracy,Precision,Recall,F1,Kappa,AUC,True Negative,False Positive,False Negative,True Positive
Training,0.5369152046783626,0.51947551099113,0.9846491228070176,0.6801312799798032,0.07383040935672514,0.6508097577032248,122,1246,21,1347
Validation,0.5317982456140351,0.5168018539976825,0.9780701754385965,0.6762699014404853,0.0635964912280702,0.5903234649122806,39,417,10,446
Test,0.5472527472527473,0.5259433962264151,0.9780701754385965,0.6840490797546012,0.09278330558674353,0.6190900571914368,52,402,10,446
