Set,Accuracy,Precision,Recall,F1,Kappa,AUC,True Negative,False Positive,False Negative,True Positive
Training,0.5087141986593541,0.5045848511493531,0.9788011695906432,0.6658930791545794,0.01709038995214096,0.5939067540698721,157,3944,87,4017
Validation,0.5117044623262619,0.5062240663900415,0.9809941520467836,0.6678278178651406,0.02273743510379378,0.6074135971333898,57,1309,26,1342
Test,0.5098756400877835,0.5052870090634441,0.9780701754385965,0.6663346613545817,0.0190788515418161,0.5987767888486468,56,1310,30,1338
