Set,Accuracy,Precision,Recall,F1,Kappa,AUC,True Negative,False Positive,False Negative,True Positive
Training,0.5001011531458628,0.5001011531458628,1.0,0.666756574511126,0.0,0.633621039658747,0,4942,0,4944
Validation,0.500151837230489,0.500151837230489,1.0,0.6668016194331984,0.0,0.6321045813257434,0,1646,0,1647
Test,0.500151837230489,0.500151837230489,1.0,0.6668016194331984,0.0,0.6261544794799779,0,1646,0,1647
