Set,Accuracy,Precision,Recall,F1,Kappa,AUC,True Negative,False Positive,False Negative,True Positive
Training,0.5007304601899196,0.5005480453050786,1.0,0.6671536401266132,0.0007315277235658835,0.6883374418406113,1,1367,0,1370
Validation,0.5,0.5,1.0,0.6666666666666666,0.0,0.6260796591258849,0,456,0,456
Test,0.5010989010989011,0.5010989010989011,1.0,0.6676427525622255,0.0,0.6687147383878197,0,454,0,456
