Set,Accuracy,Precision,Recall,F1,Kappa,AUC,True Negative,False Positive,False Negative,True Positive
Training,0.6253654970760234,0.6012994683992912,0.7441520467836257,0.6651421104214308,0.2507309941520468,0.6797794086214561,693,675,350,1018
Validation,0.6107456140350878,0.5896980461811723,0.7280701754385965,0.6516192345436703,0.2214912280701754,0.6519145313942751,225,231,124,332
Test,0.6175824175824176,0.5957446808510638,0.7368421052631579,0.6588235294117647,0.2347619323783564,0.6556365445552206,226,228,120,336
