Set,Accuracy,Precision,Recall,F1,Kappa,AUC,True Negative,False Positive,False Negative,True Positive
Training,0.5239488117001828,0.5130297446696499,0.9498050682261209,0.6662109041189541,0.04760092011637507,0.5761325685790515,401,3700,206,3898
Validation,0.5204828090709583,0.5112160566706021,0.9495614035087719,0.6646201074443592,0.040362728010216675,0.5732990204892416,124,1242,69,1299
Test,0.521945866861741,0.5119467293380336,0.9554093567251462,0.6666666666666666,0.043284535553624104,0.58014392985881,120,1246,61,1307
