Set,Accuracy,Precision,Recall,F1,Kappa,AUC,True Negative,False Positive,False Negative,True Positive
Training,0.6180555555555556,0.5808713069604406,0.847953216374269,0.6894502228826151,0.23611111111111116,0.6712051892035156,531,837,208,1160
Validation,0.5997807017543859,0.5694656488549619,0.8179824561403509,0.6714671467146714,0.19956140350877194,0.652051592797784,174,282,83,373
Test,0.6131868131868132,0.5785498489425982,0.8399122807017544,0.6851520572450805,0.22559931920819276,0.6644302109900302,175,279,73,383
