Set,Accuracy,Precision,Recall,F1,Kappa,AUC,True Negative,False Positive,False Negative,True Positive
Training,0.5603070175438597,0.5333064190553088,0.9656432748538012,0.6871261378413523,0.12061403508771928,0.6745967242057385,212,1156,47,1321
Validation,0.5504385964912281,0.527511961722488,0.9671052631578947,0.6826625386996904,0.10087719298245612,0.6298668821175746,61,395,15,441
Test,0.5648351648351648,0.5371287128712872,0.9517543859649122,0.6867088607594937,0.12818378880545023,0.6577256743179534,80,374,22,434
