Set,Accuracy,Precision,Recall,F1,Kappa,AUC,True Negative,False Positive,False Negative,True Positive
Training,0.5722233461460652,0.5502036230866452,0.7924757281553398,0.6494819726481559,0.1443704207646076,0.6313184395296114,1739,3203,1026,3918
Validation,0.5763741269359247,0.5521091811414393,0.8105646630236795,0.6568265682656828,0.15262767901957397,0.6278441010976915,563,1083,312,1335
Test,0.5699969632553902,0.5484683172471674,0.7935640558591378,0.64863523573201,0.13987708967112011,0.6265010354258009,570,1076,340,1307
