Set,Accuracy,Precision,Recall,F1,Kappa,AUC,True Negative,False Positive,False Negative,True Positive
Training,0.4984827028120575,0.4992865878516103,0.9908980582524272,0.6640010843046896,-0.0032345165745741866,0.6212753826261658,29,4913,45,4899
Validation,0.5013665350744002,0.5007661661048115,0.99210686095932,0.6655804480651731,0.0024356549480213374,0.613662972774978,17,1629,13,1634
Test,0.5010628606134224,0.5006127450980392,0.99210686095932,0.6654449195683161,0.0018279407421017968,0.6137190414325246,16,1630,13,1634
