Set,Accuracy,Precision,Recall,F1,Kappa,AUC,True Negative,False Positive,False Negative,True Positive
Training,0.5430971512052594,0.5228758169934641,0.9927007299270073,0.6849660035255604,0.08559320721714503,0.7141794190463995,127,1241,10,1360
Validation,0.5328947368421053,0.517162471395881,0.9912280701754386,0.6796992481203007,0.06578947368421051,0.6705765235457064,34,422,4,452
Test,0.545054945054945,0.5243619489559165,0.9912280701754386,0.6858877086494688,0.08831757155717324,0.6994599659942808,44,410,4,452
