Set,Accuracy,Precision,Recall,F1,Kappa,AUC,True Negative,False Positive,False Negative,True Positive
Training,0.5316270566727606,0.5177382085089031,0.9281189083820662,0.664688945118227,0.06298232793677294,0.6211758126791687,553,3548,295,3809
Validation,0.5245062179956108,0.5140495867768595,0.9093567251461988,0.6568109820485744,0.04847625554444224,0.6053576091889068,190,1176,124,1244
Test,0.5179224579370885,0.5102375102375102,0.9108187134502924,0.6540682414698162,0.03528994749450387,0.6004140338033958,170,1196,122,1246
