Set,Accuracy,Precision,Recall,F1,Kappa,AUC,True Negative,False Positive,False Negative,True Positive
Training,0.5906432748538012,0.5522325189553496,0.9583333333333334,0.7006948156066276,0.18128654970760238,0.6954118895557608,305,1063,57,1311
Validation,0.5975877192982456,0.5571245186136072,0.9517543859649122,0.7028340080971661,0.19517543859649122,0.6897771429670668,111,345,22,434
Test,0.5934065934065934,0.5541561712846348,0.9649122807017544,0.7040000000000001,0.18547942289269725,0.6926926346703763,100,354,16,440
