Set,Accuracy,Precision,Recall,F1,Kappa,AUC,True Negative,False Positive,False Negative,True Positive
Training,0.6046299439823459,0.5834996448263031,0.731862537123462,0.6493139856586302,0.2092086261463263,0.6570346585538367,11245,12313,6320,17250
Validation,0.6025983951089033,0.5825490998363339,0.7251082251082251,0.6460578559273965,0.20512231661950153,0.6544379578816977,3767,4081,2159,5695
Test,0.6098508984325219,0.5883614088820827,0.7337662337662337,0.6530681625021247,0.21952895996026622,0.6595447594622263,3808,4032,2091,5763
