Set,Accuracy,Precision,Recall,F1,Kappa,AUC,True Negative,False Positive,False Negative,True Positive
Training,0.5193713450292398,0.5795795795795796,0.14108187134502925,0.22692533803644915,0.03874269005847952,0.5458188523819294,1228,140,1175,193
Validation,0.5087719298245614,0.5454545454545454,0.10526315789473684,0.1764705882352941,0.01754385964912286,0.49182200292397654,416,40,408,48
Test,0.5285714285714286,0.6451612903225806,0.13157894736842105,0.2185792349726776,0.05878864152526442,0.5148509351572764,421,33,396,60
