Set,Accuracy,Precision,Recall,F1,Kappa,AUC,True Negative,False Positive,False Negative,True Positive
Training,0.5391834247410116,0.5223097112860893,0.9212962962962963,0.6666666666666667,0.07810914683618486,0.6343863796354524,643,3458,323,3781
Validation,0.5340160936356986,0.5195182724252492,0.9144736842105263,0.6626059322033898,0.06751272188335278,0.6166462780303614,209,1157,117,1251
Test,0.5267008046817849,0.5154166666666666,0.9042397660818714,0.6565817409766453,0.05287804606415758,0.609402425659072,203,1163,131,1237
