Set,Accuracy,Precision,Recall,F1,Kappa,AUC,True Negative,False Positive,False Negative,True Positive
Training,0.5556342302245599,0.5364948999867533,0.8191747572815534,0.6483630833266629,0.1111736600628972,0.6297308896467633,1443,3499,894,4050
Validation,0.5545095657455208,0.5357142857142857,0.819672131147541,0.6479481641468683,0.10887556674895693,0.6271502514605516,476,1170,297,1350
Test,0.5602793805040996,0.5394371779627428,0.8263509411050395,0.6527577937649881,0.12041656889959296,0.6224651987006826,484,1162,286,1361
