Set,Accuracy,Precision,Recall,F1,Kappa,AUC,True Negative,False Positive,False Negative,True Positive
Training,0.6257309941520468,0.6604477611940298,0.5175438596491229,0.580327868852459,0.2514619883040936,0.683503043671557,1004,364,660,708
Validation,0.5910087719298246,0.6217008797653959,0.4649122807017544,0.5319949811794228,0.18201754385964908,0.6344307863958141,327,129,244,212
Test,0.5934065934065934,0.6221590909090909,0.48026315789473684,0.5420792079207921,0.18721756594955774,0.6520306824329546,321,133,237,219
