Set,Accuracy,Precision,Recall,F1,Kappa,AUC,True Negative,False Positive,False Negative,True Positive
Training,0.5012797074954296,0.5007342143906021,0.9970760233918129,0.6666666666666666,0.002197522384450923,0.6134031399178539,21,4080,12,4092
Validation,0.5010972933430871,0.5007363770250368,0.9941520467836257,0.6660137120470128,0.0014737541101244034,0.6181152230870002,10,1356,8,1360
Test,0.5014630577907827,0.5009181050312156,0.9970760233918129,0.666829626008311,0.0022020710821263334,0.6033321239286601,7,1359,4,1364
