Set,Accuracy,Precision,Recall,F1,Kappa,AUC,True Negative,False Positive,False Negative,True Positive
Training,0.5786971474812866,0.6658152405278842,0.3163430420711974,0.4289044289044289,0.15748374222243933,0.6284576860186578,4157,785,3380,1564
Validation,0.5766778013969025,0.6657929226736566,0.3084395871281117,0.4215767634854772,0.15349354061585807,0.6187440104287703,1391,255,1139,508
Test,0.5687822654114789,0.6420525657071339,0.3114754098360656,0.419460343417825,0.13769931688073922,0.6226450241648536,1360,286,1134,513
