Set,Accuracy,Precision,Recall,F1,Kappa,AUC,True Negative,False Positive,False Negative,True Positive
Training,0.5883856829802776,0.5512442007591734,0.954014598540146,0.698743651430099,0.17633100019806114,0.6976456119007983,304,1064,63,1307
Validation,0.5712719298245614,0.5409836065573771,0.9407894736842105,0.6869495596477183,0.14254385964912286,0.6468288319482918,92,364,27,429
Test,0.5956043956043956,0.5561224489795918,0.956140350877193,0.7032258064516129,0.18992143050663768,0.6857127676018239,106,348,20,436
