Set,Accuracy,Precision,Recall,F1,Kappa,AUC,True Negative,False Positive,False Negative,True Positive
Training,0.508406432748538,0.5042451088962717,0.9985380116959064,0.6701005641402993,0.016812865497076057,0.6792415828802024,25,1343,2,1366
Validation,0.5076754385964912,0.5038759689922481,0.9978070175438597,0.6696100073583519,0.015350877192982448,0.6316631078793475,8,448,1,455
Test,0.5076923076923077,0.504424778761062,1.0,0.6705882352941176,0.013244520176593721,0.6690939214777031,6,448,0,456
