Set,Accuracy,Precision,Recall,F1,Kappa,AUC,True Negative,False Positive,False Negative,True Positive
Training,0.9998939059582413,0.9997879109225875,1.0,0.9998939442146568,0.9997878118912615,0.9999707768616498,23553,5,0,23570
Validation,0.9876448860017832,0.9785107446276862,0.9971988795518207,0.9877664270399799,0.9752895879930189,0.995583428209575,7676,172,22,7832
Test,0.9885943672741175,0.9821585626334967,0.9952890247007894,0.9886801998355783,0.9771884441033949,0.9963404274047281,7698,142,37,7817
