Set,Accuracy,Precision,Recall,F1,Kappa,AUC,True Negative,False Positive,False Negative,True Positive
Training,0.8084795321637427,0.9288617886178862,0.6681286549707602,0.7772108843537414,0.6169590643274854,0.9338450292397661,1298,70,454,914
Validation,0.6107456140350878,0.6677740863787376,0.4407894736842105,0.5310435931307793,0.2214912280701754,0.7011340027700832,356,100,255,201
Test,0.6032967032967033,0.6578073089700996,0.4342105263157895,0.5231175693527081,0.2071831604554515,0.6927167864595409,351,103,258,198
