Set,Accuracy,Precision,Recall,F1,Kappa,AUC,True Negative,False Positive,False Negative,True Positive
Training,0.7028120574549869,0.7958702064896755,0.5457119741100324,0.6474682025437964,0.40566189159216437,0.8125123192790414,4250,692,2246,2698
Validation,0.6447008806559368,0.7194112235510579,0.474802671523983,0.5720555961960497,0.2894750818997345,0.7357716559656683,1341,305,865,782
Test,0.6513817187974491,0.7233661593554163,0.49058894960534305,0.5846599131693198,0.3028315224066447,0.7421730736174096,1337,309,839,808
