Set,Accuracy,Precision,Recall,F1,Kappa,AUC,True Negative,False Positive,False Negative,True Positive
Training,0.931139549055454,0.9833378858235455,0.8771929824561403,0.9272376046361881,0.8622845169662463,0.9919016091259061,4040,61,504,3600
Validation,0.6068032187271397,0.6484295845997974,0.4678362573099415,0.5435244161358811,0.2137663189534469,0.6734457544544621,1019,347,728,640
Test,0.6104608632040965,0.6563467492260062,0.4649122807017544,0.5442875481386394,0.22108762192450115,0.6737663002063479,1033,333,732,636
