Set,Accuracy,Precision,Recall,F1,Kappa,AUC,True Negative,False Positive,False Negative,True Positive
Training,0.7653508771929824,0.6904512067156349,0.9619883040935673,0.8039095907147221,0.5307017543859649,0.910868942580623,778,590,52,1316
Validation,0.618421052631579,0.5835913312693498,0.8267543859649122,0.6842105263157894,0.23684210526315785,0.6797476146506618,187,269,79,377
Test,0.643956043956044,0.6021671826625387,0.8530701754385965,0.7059891107078039,0.287254513281182,0.729041077363011,197,257,67,389
