Set,Accuracy,Precision,Recall,F1,Kappa,AUC,True Negative,False Positive,False Negative,True Positive
Training,0.998659354052407,0.9995118379301928,0.9978070175438597,0.9986587001585173,0.9973187094191327,0.9999892457171811,4099,2,9,4095
Validation,0.6313094367227505,0.652542372881356,0.5628654970760234,0.6043956043956044,0.2626926559065449,0.6945386281712089,956,410,598,770
Test,0.6071689831748354,0.6260720411663808,0.533625730994152,0.5761641673243884,0.21442246467154302,0.6715289015608813,930,436,638,730
