Set,Accuracy,Precision,Recall,F1,Kappa,AUC,True Negative,False Positive,False Negative,True Positive
Training,0.7743273315800121,0.8691156462585033,0.6460355987055016,0.741153266040144,0.548678085185805,0.884423839188306,4461,481,1750,3194
Validation,0.6620103249316732,0.729776247848537,0.5148755312689739,0.6037735849056604,0.3240810495851567,0.7447470676460977,1332,314,799,848
Test,0.6583662313999392,0.7242268041237113,0.51183970856102,0.5997865528281751,0.3167932617378223,0.7587668141419909,1325,321,804,843
