Set,Accuracy,Precision,Recall,F1,Kappa,AUC,True Negative,False Positive,False Negative,True Positive
Training,0.7702702702702703,0.7294117647058823,0.8598540145985402,0.7892797319932998,0.54048022455661,0.8655493661160201,931,437,192,1178
Validation,0.6228070175438597,0.6056603773584905,0.7039473684210527,0.6511156186612577,0.24561403508771928,0.6818588411819021,247,209,135,321
Test,0.6714285714285714,0.6518375241779497,0.7390350877192983,0.6927029804727647,0.34266028227267686,0.7370353195764742,274,180,119,337
