Set,Accuracy,Precision,Recall,F1,Kappa,AUC,True Negative,False Positive,False Negative,True Positive
Training,0.7569444444444444,0.7066431510875956,0.8786549707602339,0.7833170413815576,0.5138888888888888,0.8559695718340685,869,499,166,1202
Validation,0.6524122807017544,0.6252252252252253,0.7609649122807017,0.6864490603363007,0.3048245614035088,0.7040146968297938,248,208,109,347
Test,0.6626373626373626,0.62778730703259,0.8026315789473685,0.7045235803657363,0.324857296142525,0.7296303810186259,237,217,90,366
