Set,Accuracy,Precision,Recall,F1,Kappa,AUC,True Negative,False Positive,False Negative,True Positive
Training,0.767229672381599,0.8558919896056942,0.6428086550700043,0.7342023647993797,0.5344888316648444,0.8812729317396546,21007,2551,8419,15151
Validation,0.7314991720799898,0.8140538674033149,0.600331041507512,0.6910449948702916,0.46305215375844977,0.8376461464022177,6771,1077,3139,4715
Test,0.7291321524149357,0.8114088159031979,0.5976572447160683,0.6883202580834372,0.4583912642868727,0.8409440480737749,6749,1091,3160,4694
