Set,Accuracy,Precision,Recall,F1,Kappa,AUC,True Negative,False Positive,False Negative,True Positive
Training,0.6622807017543859,0.6358629130966952,0.7595029239766082,0.6922051965356428,0.32456140350877194,0.7284960543415068,773,595,329,1039
Validation,0.6567982456140351,0.6297640653357531,0.7609649122807017,0.689175769612711,0.3135964912280702,0.7149122807017544,252,204,109,347
Test,0.656043956043956,0.6239168110918544,0.7894736842105263,0.696999031945789,0.31168228590208946,0.6981581845583121,237,217,96,360
