Set,Accuracy,Precision,Recall,F1,Kappa,AUC,True Negative,False Positive,False Negative,True Positive
Training,0.6296160877513711,0.592657038454846,0.8299220272904484,0.6915034006699827,0.2591235895304381,0.7033130736904849,1760,2341,698,3406
Validation,0.5855888807607901,0.5626666666666666,0.7711988304093568,0.6506321307431391,0.1709523863051814,0.6538469771304788,546,820,313,1055
Test,0.583394294074616,0.5599162742019885,0.7821637426900585,0.652637999390058,0.16654595869164335,0.6467500192648532,525,841,298,1070
