Set,Accuracy,Precision,Recall,F1,Kappa,AUC,True Negative,False Positive,False Negative,True Positive
Training,0.6249241351406029,0.6295054484492875,0.6076051779935275,0.6183614656237135,0.24985352030129215,0.6796632195604939,3174,1768,1940,3004
Validation,0.6152444579410872,0.6177199504337051,0.6053430479659988,0.6114688745783502,0.23049352844369653,0.6698979919305398,1029,617,650,997
Test,0.6112966899483754,0.6141879278158059,0.599271402550091,0.6066379840196682,0.22259904344624937,0.6669968077752473,1026,620,660,987
