Set,Accuracy,Precision,Recall,F1,Kappa,AUC,True Negative,False Positive,False Negative,True Positive
Training,0.639985380116959,0.6804901036757776,0.5277777777777778,0.5944833264717991,0.2799707602339181,0.7296994160596424,1029,339,646,722
Validation,0.6162280701754386,0.6645962732919255,0.4692982456140351,0.5501285347043702,0.23245614035087714,0.6815125807940905,348,108,242,214
Test,0.6054945054945055,0.6439169139465876,0.4758771929824561,0.5472887767969735,0.21143847487001732,0.7019572609938945,334,120,239,217
