Set,Accuracy,Precision,Recall,F1,Kappa,AUC,True Negative,False Positive,False Negative,True Positive
Training,0.6014625228519196,0.571551132463967,0.8116471734892787,0.6707611759967781,0.20280245007136355,0.6735686881391074,1604,2497,773,3331
Validation,0.6104608632040965,0.5772565017848037,0.827485380116959,0.6800841093421448,0.22067400212515953,0.6717638257429812,537,829,236,1132
Test,0.6005852231163131,0.5701219512195121,0.8201754385964912,0.6726618705035972,0.2009134473322456,0.6595250250443091,520,846,246,1122
