Set,Accuracy,Precision,Recall,F1,Kappa,AUC,True Negative,False Positive,False Negative,True Positive
Training,0.6603277361925955,0.6808025535795713,0.6039644012944984,0.640085744908896,0.320670958916511,0.7404698098263481,3542,1400,1958,2986
Validation,0.6428788338900698,0.659877800407332,0.5901639344262295,0.6230769230769231,0.2857805225947594,0.7194591809106878,1145,501,675,972
Test,0.64986334649256,0.6705801104972375,0.5895567698846388,0.6274636510500807,0.29975232948422603,0.7202048571687836,1169,477,676,971
