Set,Accuracy,Precision,Recall,F1,Kappa,AUC,True Negative,False Positive,False Negative,True Positive
Training,0.670927684441198,0.6830601092896175,0.6386861313868614,0.6601282534892493,0.3418862701807497,0.7428613352115081,962,406,495,875
Validation,0.6074561403508771,0.6206896551724138,0.5526315789473685,0.5846867749419954,0.2149122807017544,0.6771650892582334,302,154,204,252
Test,0.6285714285714286,0.6475,0.5679824561403509,0.6051401869158878,0.2573401583928916,0.7139800216400031,313,141,197,259
