Set,Accuracy,Precision,Recall,F1,Kappa,AUC,True Negative,False Positive,False Negative,True Positive
Training,0.631578947368421,0.690677966101695,0.4766081871345029,0.5640138408304498,0.26315789473684215,0.7181493878458328,1076,292,716,652
Validation,0.6074561403508771,0.6622516556291391,0.43859649122807015,0.5277044854881265,0.2149122807017544,0.6842009079716835,354,102,256,200
Test,0.6384615384615384,0.6895522388059702,0.506578947368421,0.5840707964601769,0.2773419585314635,0.7143809413401345,350,104,225,231
