Set,Accuracy,Precision,Recall,F1,Kappa,AUC,True Negative,False Positive,False Negative,True Positive
Training,0.6885964912280702,0.6784232365145229,0.7171052631578947,0.697228144989339,0.3771929824561403,0.7651082811805341,903,465,387,981
Validation,0.6217105263157895,0.6188436830835118,0.6337719298245614,0.6262188515709642,0.24342105263157898,0.6898997768544166,278,178,167,289
Test,0.6593406593406593,0.6593886462882096,0.6622807017543859,0.660831509846827,0.3186714455468501,0.7171970399567199,298,156,154,302
