Set,Accuracy,Precision,Recall,F1,Kappa,AUC,True Negative,False Positive,False Negative,True Positive
Training,0.6109650010115315,0.6161167512690355,0.5891990291262136,0.6023573200992557,0.2219368485778357,0.6617424953080328,3127,1815,2031,2913
Validation,0.5933798967506833,0.5977157360406091,0.5719489981785064,0.584548557244803,0.18677036773364786,0.654835442178828,1012,634,705,942
Test,0.5988460370482842,0.6040868454661558,0.5743776563448695,0.5888577653283537,0.19770398588713956,0.6543308242609082,1026,620,701,946
