Set,Accuracy,Precision,Recall,F1,Kappa,AUC,True Negative,False Positive,False Negative,True Positive
Training,0.6095063985374771,0.7089136490250696,0.37207602339181284,0.48801534036433364,0.21914839810712372,0.6845088833941039,3474,627,2577,1527
Validation,0.5954645208485735,0.6746666666666666,0.36988304093567254,0.47780925401322005,0.1911960909556809,0.6770199198582108,1122,244,862,506
Test,0.584491587417703,0.6700879765395894,0.3340643274853801,0.4458536585365853,0.16928768668014005,0.6653406026046081,1141,225,911,457
