Set,Accuracy,Precision,Recall,F1,Kappa,AUC,True Negative,False Positive,False Negative,True Positive
Training,0.669226081657526,0.6522120017520806,0.7256335282651072,0.686966551326413,0.338424834360885,0.7358900541540526,2513,1588,1126,2978
Validation,0.6130212143379663,0.6027851458885941,0.6644736842105263,0.6321279554937412,0.22598402609940982,0.6728565710273732,767,599,459,909
Test,0.6236283833211412,0.6120290812954395,0.6769005847953217,0.6428323498785145,0.2471979504886962,0.6710764450780441,779,587,442,926
