Set,Accuracy,Precision,Recall,F1,Kappa,AUC,True Negative,False Positive,False Negative,True Positive
Training,0.6939105806190573,0.7115130127922364,0.6525080906148867,0.6807343321375818,0.3878314086249386,0.7794981453141228,3634,1308,1718,3226
Validation,0.6614029760097175,0.6802168021680217,0.6095931997571342,0.6429715017611272,0.32282724666388174,0.732996626289856,1174,472,643,1004
Test,0.6574552080170057,0.6726546906187625,0.6138433515482696,0.641904761904762,0.31492854755786914,0.7330349890555456,1154,492,636,1011
