Set,Accuracy,Precision,Recall,F1,Kappa,AUC,True Negative,False Positive,False Negative,True Positive
Training,0.6673976608187134,0.6410098522167488,0.7609649122807017,0.6958556149732621,0.33479532163742687,0.7287926199514381,785,583,327,1041
Validation,0.6611842105263158,0.634862385321101,0.7587719298245614,0.6913086913086913,0.3223684210526315,0.7202023699599877,257,199,110,346
Test,0.6538461538461539,0.6239015817223199,0.7785087719298246,0.6926829268292684,0.3073108727907168,0.703763814823402,240,214,101,355
