Set,Accuracy,Precision,Recall,F1,Kappa,AUC,True Negative,False Positive,False Negative,True Positive
Training,0.6633771929824561,0.6164669098488796,0.8647660818713451,0.7198052935807728,0.32675438596491224,0.7367192041995829,632,736,185,1183
Validation,0.6326754385964912,0.5977382875605816,0.8114035087719298,0.6883720930232557,0.26535087719298245,0.6861919052016006,207,249,86,370
Test,0.6571428571428571,0.6094224924012158,0.8793859649122807,0.7199281867145423,0.31361267176605967,0.7219597727799677,197,257,55,401
