Set,Accuracy,Precision,Recall,F1,Kappa,AUC,True Negative,False Positive,False Negative,True Positive
Training,0.6815193571950329,0.6525735294117647,0.7773722627737226,0.7095269820119919,0.36294931741215375,0.7469783796474154,801,567,305,1065
Validation,0.6140350877192983,0.6007751937984496,0.6798245614035088,0.6378600823045267,0.22807017543859653,0.6807383040935673,250,206,146,310
Test,0.654945054945055,0.6349809885931559,0.7324561403508771,0.6802443991853361,0.3096533529190062,0.716564263080609,262,192,122,334
