Set,Accuracy,Precision,Recall,F1,Kappa,AUC,True Negative,False Positive,False Negative,True Positive
Training,0.991043382290517,0.9881037354270759,0.9951277955271566,0.9916033268335389,0.9820070049904,0.9994739346561717,10888,150,61,12459
Validation,0.9699286442405708,0.963932107496464,0.9801054650047939,0.9719515093891135,0.9395476650038854,0.9939434433609418,3523,153,83,4089
Test,0.9642857142857143,0.9580584354382657,0.97552783109405,0.9667142177841179,0.9281959601330573,0.9932744070916916,3494,178,102,4066
