Set,Accuracy,Precision,Recall,F1,Kappa,AUC,True Negative,False Positive,False Negative,True Positive
Training,0.8611111111111112,0.850887573964497,0.9182630906768838,0.8832923832923832,0.7124250692051859,0.9317134405257012,459,126,64,719
Validation,0.75,0.745819397993311,0.8544061302681992,0.7964285714285714,0.4764005559920228,0.8443462029668927,119,76,38,223
Test,0.7731277533039648,0.7643097643097643,0.8730769230769231,0.81508078994614,0.5249598732196916,0.8465107057890563,124,70,33,227
