Set,Accuracy,Precision,Recall,F1,Kappa,AUC,True Negative,False Positive,False Negative,True Positive
Training,0.8861253352840771,0.9111986001749781,0.8875159778440562,0.8992013813943449,0.7684045212685875,0.9547108587152915,1551,203,264,2083
Validation,0.8382137628111274,0.871523178807947,0.8414322250639387,0.856213402732596,0.6714065843639316,0.9177337701012507,487,97,124,658
Test,0.8440702781844802,0.8642765685019206,0.8631713554987213,0.8637236084452974,0.6815167682092529,0.9222598360368567,478,106,107,675
