Set,Accuracy,Precision,Recall,F1,Kappa,AUC,True Negative,False Positive,False Negative,True Positive
Training,0.8182921893970052,0.763167453686887,0.8951853429910525,0.823921568627451,0.6386537995238086,0.9094668469484678,1943,652,246,2101
Validation,0.8317132442284325,0.7765607886089814,0.9066496163682864,0.8365781710914455,0.6652501618897564,0.9230605285592497,660,204,73,709
Test,0.8165249088699879,0.7702702702702703,0.8746803069053708,0.8191616766467066,0.6344879513642767,0.8988141754286255,660,204,98,684
