Set,Accuracy,Precision,Recall,F1,Kappa,AUC,True Negative,False Positive,False Negative,True Positive
Training,0.8932748538011696,0.8716452742123687,0.9540229885057471,0.9109756097560976,0.7784389289351251,0.9638187553896367,475,110,36,747
Validation,0.831140350877193,0.8129251700680272,0.9157088122605364,0.8612612612612611,0.6475123479098903,0.9220748600058944,140,55,22,239
Test,0.8215859030837004,0.7993311036789298,0.9192307692307692,0.855098389982111,0.6259231379569914,0.9053727200634417,134,60,21,239
