Set,Accuracy,Precision,Recall,F1,Kappa,AUC,True Negative,False Positive,False Negative,True Positive
Training,0.8683247988295537,0.9038891372373715,0.8615253515125693,0.8821989528795813,0.7331399169922875,0.9406481696957565,1539,215,325,2022
Validation,0.862371888726208,0.8991935483870968,0.8554987212276215,0.8768020969855833,0.7211336735801933,0.9314083137722033,509,75,113,669
Test,0.8609077598828697,0.9,0.8516624040920716,0.8751642575558476,0.7184091865829365,0.9305806152121361,510,74,116,666
