Set,Accuracy,Precision,Recall,F1,Kappa,AUC,True Negative,False Positive,False Negative,True Positive
Training,0.858761634965601,0.8534076296613802,0.8483170004260758,0.8508547008547008,0.7167293863793248,0.9236710169092179,2253,342,356,1991
Validation,0.8554070473876063,0.8425692695214105,0.8554987212276215,0.848984771573604,0.7103055580205283,0.9267976816330397,739,125,113,669
Test,0.8462940461725394,0.8457516339869281,0.8273657289002557,0.8364576599870717,0.6915050129564961,0.9052716799280099,746,118,135,647
