Set,Accuracy,Precision,Recall,F1,Kappa,AUC,True Negative,False Positive,False Negative,True Positive
Training,0.8574561403508771,0.832579185520362,0.9399744572158365,0.8830233953209359,0.7023139964647276,0.9485542129220289,437,148,47,736
Validation,0.8333333333333334,0.8114478114478114,0.9233716475095786,0.8637992831541219,0.6513971875188606,0.9384615384615385,139,56,20,241
Test,0.801762114537445,0.785234899328859,0.9,0.8387096774193548,0.5846379050949457,0.9110626486915147,130,64,26,234
