Set,Accuracy,Precision,Recall,F1,Kappa,AUC,True Negative,False Positive,False Negative,True Positive
Training,0.9013157894736842,0.8990147783251231,0.9323116219667944,0.9153605015673981,0.7971369819677318,0.9646134197858335,503,82,53,730
Validation,0.8903508771929824,0.8921933085501859,0.9195402298850575,0.9056603773584905,0.7748415002666351,0.9564397288535219,166,29,21,240
Test,0.8524229074889867,0.8434163701067615,0.9115384615384615,0.876155268022181,0.6942730214887329,0.9367565424266455,150,44,23,237
