Set,Accuracy,Precision,Recall,F1,Kappa,AUC,True Negative,False Positive,False Negative,True Positive
Training,0.8405830928535053,0.8802273265451102,0.7885447602885023,0.8318675170638917,0.6811746228398994,0.9238285981577781,21029,2529,4984,18586
Validation,0.7700929817857598,0.8086994471923189,0.7077922077922078,0.7548886474741987,0.5402078274617019,0.8553991087214239,6533,1315,2295,5559
Test,0.7750732764113674,0.8117969426016729,0.7167048637636872,0.7612929402218015,0.5501932389114965,0.8579569084127159,6535,1305,2225,5629
