Set,Accuracy,Precision,Recall,F1,Kappa,AUC,True Negative,False Positive,False Negative,True Positive
Training,0.7847222222222222,0.7800143781452192,0.7931286549707602,0.7865168539325843,0.5694444444444444,0.8622909613214322,1062,306,283,1085
Validation,0.6392543859649122,0.6348195329087049,0.6557017543859649,0.6450916936353829,0.2785087719298246,0.688375269313635,284,172,157,299
Test,0.610989010989011,0.6085106382978723,0.6271929824561403,0.6177105831533477,0.2219216462972804,0.6703039261148465,270,184,170,286
