Set,Accuracy,Precision,Recall,F1,Kappa,AUC,True Negative,False Positive,False Negative,True Positive
Training,0.6510216467732146,0.6162464985994398,0.8009708737864077,0.6965699208443272,0.3020009278084932,0.7339764856477533,2476,2466,984,3960
Validation,0.6222289705435773,0.5930715935334873,0.7795992714025501,0.6736621196222455,0.24438568150033413,0.6946534108556297,765,881,363,1284
Test,0.6207105982386881,0.5920444033302498,0.777170613236187,0.6720924127067471,0.24134906626672137,0.6936111609089319,764,882,367,1280
