Set,Accuracy,Precision,Recall,F1,Kappa,AUC,True Negative,False Positive,False Negative,True Positive
Training,0.5001828153564899,0.5001828153564899,1.0,0.6668291494028759,0.0,0.5001218323586745,0,4101,0,4104
Validation,0.5003657644476956,0.5003657644476956,1.0,0.666991711360312,0.0,0.5025552687232969,0,1366,0,1368
Test,0.5003657644476956,0.5003657644476956,1.0,0.666991711360312,0.0,0.5018253448408724,0,1366,0,1368
