Set,Accuracy,Precision,Recall,F1,Kappa,AUC,True Negative,False Positive,False Negative,True Positive
Training,0.6896929824561403,0.6764106050305915,0.7273391812865497,0.7009510390982742,0.3793859649122807,0.7645274400670293,892,476,373,995
Validation,0.6129385964912281,0.6093418259023354,0.6293859649122807,0.6192017259978425,0.22587719298245612,0.6846914435210835,272,184,169,287
Test,0.6582417582417582,0.650103519668737,0.6885964912280702,0.6687965921192759,0.31639105880761553,0.7135307983615427,285,169,142,314
