Set,Accuracy,Precision,Recall,F1,Kappa,AUC,True Negative,False Positive,False Negative,True Positive
Training,0.676782449725777,0.6266573621772505,0.8752436647173489,0.7303782025213501,0.3534710057521775,0.772266178125147,1961,2140,512,3592
Validation,0.591441111923921,0.5644581407293272,0.8033625730994152,0.6630467571644042,0.18262852970570775,0.6437546021593761,518,848,269,1099
Test,0.5724213606437454,0.5516883116883117,0.7763157894736842,0.6450045551169146,0.14458729071997634,0.6368339712140283,503,863,306,1062
