Set,Accuracy,Precision,Recall,F1,Kappa,AUC,True Negative,False Positive,False Negative,True Positive
Training,0.682379121990694,0.7031531531531532,0.6314724919093851,0.66538789428815,0.36477132124448186,0.7614912679640463,3624,1318,1822,3122
Validation,0.6386273914363803,0.6568291008922443,0.581056466302368,0.6166237113402062,0.2772800424336338,0.7014096840900019,1146,500,690,957
Test,0.638931065897358,0.6566347469220246,0.5828779599271403,0.6175619170151174,0.2778867042326151,0.7044287230879664,1144,502,687,960
