Set,Accuracy,Precision,Recall,F1,Kappa,AUC,True Negative,False Positive,False Negative,True Positive
Training,0.6994156318480643,0.6627007733491969,0.8131386861313868,0.7302523762700753,0.3987311677728569,0.7688895291757374,801,567,256,1114
Validation,0.6118421052631579,0.5944444444444444,0.7039473684210527,0.644578313253012,0.22368421052631582,0.6709420206217298,237,219,135,321
Test,0.6461538461538462,0.6222627737226277,0.7478070175438597,0.6792828685258965,0.2919896391084994,0.7082512172501739,247,207,115,341
