Set,Accuracy,Precision,Recall,F1,Kappa,AUC,True Negative,False Positive,False Negative,True Positive
Training,0.7923976608187134,0.7785515320334262,0.8172514619883041,0.797432239657632,0.5847953216374269,0.8740333564173591,1050,318,250,1118
Validation,0.6578947368421053,0.6607142857142857,0.6491228070175439,0.6548672566371682,0.3157894736842105,0.7018457602339182,304,152,160,296
Test,0.634065934065934,0.6252545824847251,0.6732456140350878,0.648363252375924,0.2680045799535241,0.7031648504521215,270,184,149,307
